tick,ts,pid,name,wsMB,privMB,cpuPct,gpuPct
1,2026-09-04T23:13:19.667,8952,vera-media-manager.exe,73.7,17.2,0,0
1,2026-09-04T23:13:19.667,30160,msedgewebview2.exe,122.1,35.6,0,0
1,2026-09-04T23:13:19.667,24200,msedgewebview2.exe,12.8,3,0,0
1,2026-09-04T23:13:19.667,28228,msedgewebview2.exe,103.5,171.5,0,0
1,2026-09-04T23:13:19.667,26656,msedgewebview2.exe,39.5,12.2,0,0
1,2026-09-04T23:13:19.667,14572,msedgewebview2.exe,20,8.5,0,0
1,2026-09-04T23:13:19.667,17044,msedgewebview2.exe,118.2,64.4,0,0
1,2026-09-04T23:13:19.667,30380,msedgewebview2.exe,23.8,8.8,0,0
1,2026-09-04T23:13:19.667,0,__TOTAL__,513.6,321.2,0,0
2,2026-09-04T23:13:20.660,8952,vera-media-manager.exe,73.7,17.2,0,0
2,2026-09-04T23:13:20.660,30160,msedgewebview2.exe,122.1,35.6,0,0
2,2026-09-04T23:13:20.660,24200,msedgewebview2.exe,12.8,3,0,0
2,2026-09-04T23:13:20.660,28228,msedgewebview2.exe,103.5,171.5,0,0
2,2026-09-04T23:13:20.660,26656,msedgewebview2.exe,39.5,12.2,0,0
2,2026-09-04T23:13:20.660,14572,msedgewebview2.exe,20,8.5,0,0
2,2026-09-04T23:13:20.660,17044,msedgewebview2.exe,118.2,64.4,0,0
2,2026-09-04T23:13:20.660,30380,msedgewebview2.exe,23.8,8.8,0,0
2,2026-09-04T23:13:20.660,0,__TOTAL__,513.6,321.2,0,0
3,2026-09-04T23:13:21.670,8952,vera-media-manager.exe,73.7,17.2,0,0
3,2026-09-04T23:13:21.670,30160,msedgewebview2.exe,122.1,35.6,0,0
3,2026-09-04T23:13:21.670,24200,msedgewebview2.exe,12.8,3,0,0
3,2026-09-04T23:13:21.670,28228,msedgewebview2.exe,103.5,171.5,0,0
3,2026-09-04T23:13:21.670,26656,msedgewebview2.exe,39.5,12.2,0,0
3,2026-09-04T23:13:21.670,14572,msedgewebview2.exe,20,8.5,0,0
3,2026-09-04T23:13:21.670,17044,msedgewebview2.exe,118.2,64.4,0,0
3,2026-09-04T23:13:21.670,30380,msedgewebview2.exe,23.8,8.8,0,0
3,2026-09-04T23:13:21.670,0,__TOTAL__,513.6,321.2,0,0
4,2026-09-04T23:13:22.677,8952,vera-media-manager.exe,73.7,17.2,0,0
4,2026-09-04T23:13:22.677,30160,msedgewebview2.exe,122.1,35.6,0,0
4,2026-09-04T23:13:22.677,24200,msedgewebview2.exe,12.8,3,0,0
4,2026-09-04T23:13:22.677,28228,msedgewebview2.exe,103.5,171.5,0,0
4,2026-09-04T23:13:22.677,26656,msedgewebview2.exe,39.5,12.2,0,0
4,2026-09-04T23:13:22.677,14572,msedgewebview2.exe,20,8.5,0,0
4,2026-09-04T23:13:22.677,17044,msedgewebview2.exe,118.2,64.4,0,0
4,2026-09-04T23:13:22.677,30380,msedgewebview2.exe,23.8,8.8,0,0
4,2026-09-04T23:13:22.677,0,__TOTAL__,513.6,321.2,0,0
5,2026-09-04T23:13:23.664,8952,vera-media-manager.exe,73.7,17.2,0,0
5,2026-09-04T23:13:23.664,30160,msedgewebview2.exe,122.1,35.6,0,0
5,2026-09-04T23:13:23.664,24200,msedgewebview2.exe,12.8,3,0,0
5,2026-09-04T23:13:23.664,28228,msedgewebview2.exe,103.5,171.5,0,0
5,2026-09-04T23:13:23.664,26656,msedgewebview2.exe,39.5,12.2,0,0
5,2026-09-04T23:13:23.664,14572,msedgewebview2.exe,20,8.5,0,0
5,2026-09-04T23:13:23.664,17044,msedgewebview2.exe,118.2,64.4,0,0
5,2026-09-04T23:13:23.664,30380,msedgewebview2.exe,23.8,8.8,0,0
5,2026-09-04T23:13:23.664,0,__TOTAL__,513.6,321.2,0,0
6,2026-09-04T23:13:24.667,8952,vera-media-manager.exe,73.7,17.2,0,0
6,2026-09-04T23:13:24.667,30160,msedgewebview2.exe,122.1,35.6,0,0
6,2026-09-04T23:13:24.667,24200,msedgewebview2.exe,12.8,3,0,0
6,2026-09-04T23:13:24.667,28228,msedgewebview2.exe,103.5,171.5,0,0
6,2026-09-04T23:13:24.667,26656,msedgewebview2.exe,39.5,12.2,0,0
6,2026-09-04T23:13:24.667,14572,msedgewebview2.exe,20,8.5,0,0
6,2026-09-04T23:13:24.667,17044,msedgewebview2.exe,118.2,64.4,0,0
6,2026-09-04T23:13:24.667,30380,msedgewebview2.exe,23.8,8.8,0,0
6,2026-09-04T23:13:24.667,0,__TOTAL__,513.6,321.2,0,0
7,2026-09-04T23:13:25.665,8952,vera-media-manager.exe,73.7,17.2,0,0
7,2026-09-04T23:13:25.665,30160,msedgewebview2.exe,122.3,35.6,0,0
7,2026-09-04T23:13:25.665,24200,msedgewebview2.exe,12.8,3,0,0
7,2026-09-04T23:13:25.665,28228,msedgewebview2.exe,103.7,171.4,0,0
7,2026-09-04T23:13:25.665,26656,msedgewebview2.exe,39.5,12.2,0,0
7,2026-09-04T23:13:25.665,14572,msedgewebview2.exe,20,8.5,0,0
7,2026-09-04T23:13:25.665,17044,msedgewebview2.exe,118.2,64.3,0,0
7,2026-09-04T23:13:25.665,30380,msedgewebview2.exe,23.8,8.8,0,0
7,2026-09-04T23:13:25.665,0,__TOTAL__,514,321,0,0
8,2026-09-04T23:13:26.670,8952,vera-media-manager.exe,73.7,17.2,0,0
8,2026-09-04T23:13:26.670,30160,msedgewebview2.exe,122.3,35.6,0,0
8,2026-09-04T23:13:26.670,24200,msedgewebview2.exe,12.8,3,0,0
8,2026-09-04T23:13:26.670,28228,msedgewebview2.exe,103.7,171.5,0,0
8,2026-09-04T23:13:26.670,26656,msedgewebview2.exe,39.5,12.2,0,0
8,2026-09-04T23:13:26.670,14572,msedgewebview2.exe,20,8.5,0,0
8,2026-09-04T23:13:26.670,17044,msedgewebview2.exe,118.2,64.3,0,0
8,2026-09-04T23:13:26.670,30380,msedgewebview2.exe,23.8,8.8,0,0
8,2026-09-04T23:13:26.670,0,__TOTAL__,514,321.1,0,0
9,2026-09-04T23:13:27.678,8952,vera-media-manager.exe,73.7,17.2,0,0
9,2026-09-04T23:13:27.678,30160,msedgewebview2.exe,122.6,35.8,0,0
9,2026-09-04T23:13:27.678,24200,msedgewebview2.exe,12.8,3,0,0
9,2026-09-04T23:13:27.678,28228,msedgewebview2.exe,103.7,171.5,0,0
9,2026-09-04T23:13:27.678,26656,msedgewebview2.exe,39.6,12.3,0,0
9,2026-09-04T23:13:27.678,14572,msedgewebview2.exe,20,8.5,0,0
9,2026-09-04T23:13:27.678,17044,msedgewebview2.exe,118.2,64.3,0,0
9,2026-09-04T23:13:27.678,30380,msedgewebview2.exe,23.8,8.8,0,0
9,2026-09-04T23:13:27.678,0,__TOTAL__,514.4,321.4,0,0
10,2026-09-04T23:13:28.666,8952,vera-media-manager.exe,73.7,17.2,0,0
10,2026-09-04T23:13:28.666,30160,msedgewebview2.exe,122.7,35.9,0.1,0
10,2026-09-04T23:13:28.666,24200,msedgewebview2.exe,12.8,3,0,0
10,2026-09-04T23:13:28.666,28228,msedgewebview2.exe,103.7,171.5,0,0
10,2026-09-04T23:13:28.666,26656,msedgewebview2.exe,39.8,12.5,0,0
10,2026-09-04T23:13:28.666,14572,msedgewebview2.exe,20,8.5,0,0
10,2026-09-04T23:13:28.666,17044,msedgewebview2.exe,118.2,64.3,0,0
10,2026-09-04T23:13:28.666,30380,msedgewebview2.exe,23.8,8.8,0,0
10,2026-09-04T23:13:28.666,0,__TOTAL__,514.7,321.7,0.1,0
11,2026-09-04T23:13:29.671,8952,vera-media-manager.exe,73.7,17.2,0,0
11,2026-09-04T23:13:29.671,30160,msedgewebview2.exe,122.5,35.8,0,0
11,2026-09-04T23:13:29.671,24200,msedgewebview2.exe,12.8,3,0,0
11,2026-09-04T23:13:29.671,28228,msedgewebview2.exe,103.7,171.5,0,0
11,2026-09-04T23:13:29.671,26656,msedgewebview2.exe,39.7,12.3,0,0
11,2026-09-04T23:13:29.671,14572,msedgewebview2.exe,20,8.5,0,0
11,2026-09-04T23:13:29.671,17044,msedgewebview2.exe,118.2,64.3,0,0
11,2026-09-04T23:13:29.671,30380,msedgewebview2.exe,23.8,8.8,0,0
11,2026-09-04T23:13:29.671,0,__TOTAL__,514.4,321.4,0,0
12,2026-09-04T23:13:30.684,8952,vera-media-manager.exe,73.7,17.2,0,0
12,2026-09-04T23:13:30.684,30160,msedgewebview2.exe,122.5,35.8,0,0
12,2026-09-04T23:13:30.684,24200,msedgewebview2.exe,12.8,3,0,0
12,2026-09-04T23:13:30.684,28228,msedgewebview2.exe,103.7,171.5,0,0
12,2026-09-04T23:13:30.684,26656,msedgewebview2.exe,39.7,12.3,0,0
12,2026-09-04T23:13:30.684,14572,msedgewebview2.exe,20,8.5,0,0
12,2026-09-04T23:13:30.684,17044,msedgewebview2.exe,118.2,64.3,0,0
12,2026-09-04T23:13:30.684,30380,msedgewebview2.exe,23.8,8.8,0,0
12,2026-09-04T23:13:30.684,0,__TOTAL__,514.4,321.4,0,0
13,2026-09-04T23:13:31.686,8952,vera-media-manager.exe,73.7,17.2,0,0
13,2026-09-04T23:13:31.686,30160,msedgewebview2.exe,122.5,35.8,0,0
13,2026-09-04T23:13:31.686,24200,msedgewebview2.exe,12.8,3,0,0
13,2026-09-04T23:13:31.686,28228,msedgewebview2.exe,103.7,171.5,0,0
13,2026-09-04T23:13:31.686,26656,msedgewebview2.exe,39.7,12.3,0,0
13,2026-09-04T23:13:31.686,14572,msedgewebview2.exe,20,8.5,0,0
13,2026-09-04T23:13:31.686,17044,msedgewebview2.exe,118.2,64.3,0,0
13,2026-09-04T23:13:31.686,30380,msedgewebview2.exe,23.8,8.8,0,0
13,2026-09-04T23:13:31.686,0,__TOTAL__,514.4,321.4,0,0
14,2026-09-04T23:13:32.687,8952,vera-media-manager.exe,73.7,17.2,0,0
14,2026-09-04T23:13:32.687,30160,msedgewebview2.exe,122.6,35.8,0,0
14,2026-09-04T23:13:32.687,24200,msedgewebview2.exe,12.8,3,0,0
14,2026-09-04T23:13:32.687,28228,msedgewebview2.exe,103.7,171.5,0,0
14,2026-09-04T23:13:32.687,26656,msedgewebview2.exe,39.7,12.3,0,0
14,2026-09-04T23:13:32.687,14572,msedgewebview2.exe,20,8.5,0,0
14,2026-09-04T23:13:32.687,17044,msedgewebview2.exe,118.2,64.3,0,0
14,2026-09-04T23:13:32.687,30380,msedgewebview2.exe,23.8,8.8,0,0
14,2026-09-04T23:13:32.687,0,__TOTAL__,514.5,321.4,0,0
15,2026-09-04T23:13:33.701,8952,vera-media-manager.exe,73.7,17.2,0,0
15,2026-09-04T23:13:33.701,30160,msedgewebview2.exe,122.6,35.8,0,0
15,2026-09-04T23:13:33.701,24200,msedgewebview2.exe,12.8,3,0,0
15,2026-09-04T23:13:33.701,28228,msedgewebview2.exe,103.7,171.5,0,0
15,2026-09-04T23:13:33.701,26656,msedgewebview2.exe,39.7,12.3,0,0
15,2026-09-04T23:13:33.701,14572,msedgewebview2.exe,20,8.5,0,0
15,2026-09-04T23:13:33.701,17044,msedgewebview2.exe,118.2,64.3,0,0
15,2026-09-04T23:13:33.701,30380,msedgewebview2.exe,23.8,8.8,0,0
15,2026-09-04T23:13:33.701,0,__TOTAL__,514.5,321.4,0,0
16,2026-09-04T23:13:34.708,8952,vera-media-manager.exe,73.7,17.2,0,0
16,2026-09-04T23:13:34.708,30160,msedgewebview2.exe,122.6,35.8,0,0
16,2026-09-04T23:13:34.708,24200,msedgewebview2.exe,12.8,3,0,0
16,2026-09-04T23:13:34.708,28228,msedgewebview2.exe,103.7,171.5,0,0
16,2026-09-04T23:13:34.708,26656,msedgewebview2.exe,39.7,12.3,0,0
16,2026-09-04T23:13:34.708,14572,msedgewebview2.exe,20,8.5,0,0
16,2026-09-04T23:13:34.708,17044,msedgewebview2.exe,118.2,64.3,0,0
16,2026-09-04T23:13:34.708,30380,msedgewebview2.exe,23.8,8.8,0,0
16,2026-09-04T23:13:34.708,0,__TOTAL__,514.5,321.4,0,0
17,2026-09-04T23:13:35.699,8952,vera-media-manager.exe,73.7,17.2,0,0
17,2026-09-04T23:13:35.699,30160,msedgewebview2.exe,122.6,35.8,0,0
17,2026-09-04T23:13:35.699,24200,msedgewebview2.exe,12.8,3,0,0
17,2026-09-04T23:13:35.699,28228,msedgewebview2.exe,103.7,171.5,0,0
17,2026-09-04T23:13:35.699,26656,msedgewebview2.exe,39.7,12.3,0,0
17,2026-09-04T23:13:35.699,14572,msedgewebview2.exe,20,8.5,0,0
17,2026-09-04T23:13:35.699,17044,msedgewebview2.exe,118.2,64.3,0,0
17,2026-09-04T23:13:35.699,30380,msedgewebview2.exe,23.8,8.8,0,0
17,2026-09-04T23:13:35.699,0,__TOTAL__,514.5,321.4,0,0
18,2026-09-04T23:13:36.698,8952,vera-media-manager.exe,73.7,17.2,0,0
18,2026-09-04T23:13:36.698,30160,msedgewebview2.exe,122.6,35.8,0,0
18,2026-09-04T23:13:36.698,24200,msedgewebview2.exe,12.8,3,0,0
18,2026-09-04T23:13:36.698,28228,msedgewebview2.exe,103.7,171.5,0,0
18,2026-09-04T23:13:36.698,26656,msedgewebview2.exe,39.7,12.3,0,0
18,2026-09-04T23:13:36.698,14572,msedgewebview2.exe,20,8.5,0,0
18,2026-09-04T23:13:36.698,17044,msedgewebview2.exe,118.2,64.3,0,0
18,2026-09-04T23:13:36.698,30380,msedgewebview2.exe,23.8,8.8,0,0
18,2026-09-04T23:13:36.698,0,__TOTAL__,514.5,321.4,0,0
19,2026-09-04T23:13:37.709,8952,vera-media-manager.exe,73.7,17.2,0,0
19,2026-09-04T23:13:37.709,30160,msedgewebview2.exe,122.6,35.8,0,0
19,2026-09-04T23:13:37.709,24200,msedgewebview2.exe,12.8,3,0,0
19,2026-09-04T23:13:37.709,28228,msedgewebview2.exe,103.7,171.5,0,0
19,2026-09-04T23:13:37.709,26656,msedgewebview2.exe,39.7,12.3,0,0
19,2026-09-04T23:13:37.709,14572,msedgewebview2.exe,20,8.5,0,0
19,2026-09-04T23:13:37.709,17044,msedgewebview2.exe,118.2,64.3,0,0
19,2026-09-04T23:13:37.709,30380,msedgewebview2.exe,23.8,8.8,0,0
19,2026-09-04T23:13:37.709,0,__TOTAL__,514.5,321.4,0,0
20,2026-09-04T23:13:38.704,8952,vera-media-manager.exe,73.7,17.2,0,0
20,2026-09-04T23:13:38.704,30160,msedgewebview2.exe,122.6,35.8,0,0
20,2026-09-04T23:13:38.704,24200,msedgewebview2.exe,12.8,3,0,0
20,2026-09-04T23:13:38.704,28228,msedgewebview2.exe,103.7,171.5,0,0
20,2026-09-04T23:13:38.704,26656,msedgewebview2.exe,39.7,12.3,0,0
20,2026-09-04T23:13:38.704,14572,msedgewebview2.exe,20,8.5,0,0
20,2026-09-04T23:13:38.704,17044,msedgewebview2.exe,118.2,64.3,0,0
20,2026-09-04T23:13:38.704,30380,msedgewebview2.exe,23.8,8.8,0,0
20,2026-09-04T23:13:38.704,0,__TOTAL__,514.5,321.4,0,0
21,2026-09-04T23:13:39.720,8952,vera-media-manager.exe,73.5,16.9,0,0
21,2026-09-04T23:13:39.720,30160,msedgewebview2.exe,122.6,35.8,0,0
21,2026-09-04T23:13:39.720,24200,msedgewebview2.exe,12.8,2.9,0,0
21,2026-09-04T23:13:39.720,28228,msedgewebview2.exe,103.7,171.4,0,0
21,2026-09-04T23:13:39.720,26656,msedgewebview2.exe,39.7,12.3,0,0
21,2026-09-04T23:13:39.720,14572,msedgewebview2.exe,20,8.5,0,0
21,2026-09-04T23:13:39.720,17044,msedgewebview2.exe,118.2,64.3,0,0
21,2026-09-04T23:13:39.720,30380,msedgewebview2.exe,23.8,8.7,0,0
21,2026-09-04T23:13:39.720,0,__TOTAL__,514.3,320.8,0,0
22,2026-09-04T23:13:40.714,8952,vera-media-manager.exe,73.5,16.9,0,0
22,2026-09-04T23:13:40.714,30160,msedgewebview2.exe,122.6,35.8,0,0
22,2026-09-04T23:13:40.714,24200,msedgewebview2.exe,12.8,2.9,0,0
22,2026-09-04T23:13:40.714,28228,msedgewebview2.exe,103.7,171.4,0,0
22,2026-09-04T23:13:40.714,26656,msedgewebview2.exe,39.7,12.3,0,0
22,2026-09-04T23:13:40.714,14572,msedgewebview2.exe,20,8.5,0,0
22,2026-09-04T23:13:40.714,17044,msedgewebview2.exe,118.2,64.3,0,0
22,2026-09-04T23:13:40.714,30380,msedgewebview2.exe,23.8,8.6,0,0
22,2026-09-04T23:13:40.714,0,__TOTAL__,514.3,320.7,0,0
23,2026-09-04T23:13:41.715,8952,vera-media-manager.exe,73.5,16.9,0,0
23,2026-09-04T23:13:41.715,30160,msedgewebview2.exe,122.6,35.8,0,0
23,2026-09-04T23:13:41.715,24200,msedgewebview2.exe,12.8,2.9,0,0
23,2026-09-04T23:13:41.715,28228,msedgewebview2.exe,103.7,171.4,0,0
23,2026-09-04T23:13:41.715,26656,msedgewebview2.exe,39.6,12.2,0,0
23,2026-09-04T23:13:41.715,14572,msedgewebview2.exe,20,8.5,0,0
23,2026-09-04T23:13:41.715,17044,msedgewebview2.exe,118.2,64.3,0,0
23,2026-09-04T23:13:41.715,30380,msedgewebview2.exe,23.8,8.6,0,0
23,2026-09-04T23:13:41.715,0,__TOTAL__,514.2,320.6,0,0
24,2026-09-04T23:13:42.705,8952,vera-media-manager.exe,73.5,16.9,0,0
24,2026-09-04T23:13:42.705,30160,msedgewebview2.exe,122.6,35.8,0,0
24,2026-09-04T23:13:42.705,24200,msedgewebview2.exe,12.8,2.9,0,0
24,2026-09-04T23:13:42.705,28228,msedgewebview2.exe,103.7,171.4,0,0
24,2026-09-04T23:13:42.705,26656,msedgewebview2.exe,39.6,12.2,0,0
24,2026-09-04T23:13:42.705,14572,msedgewebview2.exe,20,8.5,0,0
24,2026-09-04T23:13:42.705,17044,msedgewebview2.exe,118.2,64.3,0,0
24,2026-09-04T23:13:42.705,30380,msedgewebview2.exe,23.8,8.6,0,0
24,2026-09-04T23:13:42.705,0,__TOTAL__,514.2,320.6,0,0
25,2026-09-04T23:13:43.713,8952,vera-media-manager.exe,73.5,16.9,0,0
25,2026-09-04T23:13:43.713,30160,msedgewebview2.exe,122.6,35.8,0,0
25,2026-09-04T23:13:43.713,24200,msedgewebview2.exe,12.8,2.9,0,0
25,2026-09-04T23:13:43.713,28228,msedgewebview2.exe,103.7,171.4,0,0
25,2026-09-04T23:13:43.713,26656,msedgewebview2.exe,39.6,12.2,0,0
25,2026-09-04T23:13:43.713,14572,msedgewebview2.exe,20,8.5,0,0
25,2026-09-04T23:13:43.713,17044,msedgewebview2.exe,118.2,64.3,0,0
25,2026-09-04T23:13:43.713,30380,msedgewebview2.exe,23.8,8.6,0,0
25,2026-09-04T23:13:43.713,0,__TOTAL__,514.2,320.6,0,0
26,2026-09-04T23:13:44.718,8952,vera-media-manager.exe,73.5,16.9,0,0
26,2026-09-04T23:13:44.718,30160,msedgewebview2.exe,122.6,35.8,0,0
26,2026-09-04T23:13:44.718,24200,msedgewebview2.exe,12.8,2.9,0,0
26,2026-09-04T23:13:44.718,28228,msedgewebview2.exe,103.7,171.4,0,0
26,2026-09-04T23:13:44.718,26656,msedgewebview2.exe,39.6,12.2,0,0
26,2026-09-04T23:13:44.718,14572,msedgewebview2.exe,20,8.5,0,0
26,2026-09-04T23:13:44.718,17044,msedgewebview2.exe,118.2,64.3,0,0
26,2026-09-04T23:13:44.718,30380,msedgewebview2.exe,23.8,8.6,0,0
26,2026-09-04T23:13:44.718,0,__TOTAL__,514.2,320.6,0,0
27,2026-09-04T23:13:45.733,8952,vera-media-manager.exe,73.5,16.9,0,0
27,2026-09-04T23:13:45.733,30160,msedgewebview2.exe,122.6,35.8,0,0
27,2026-09-04T23:13:45.733,24200,msedgewebview2.exe,12.8,2.9,0,0
27,2026-09-04T23:13:45.733,28228,msedgewebview2.exe,103.7,171.4,0,0
27,2026-09-04T23:13:45.733,26656,msedgewebview2.exe,39.6,12.2,0,0
27,2026-09-04T23:13:45.733,14572,msedgewebview2.exe,20,8.5,0,0
27,2026-09-04T23:13:45.733,17044,msedgewebview2.exe,118.2,64.3,0,0
27,2026-09-04T23:13:45.733,30380,msedgewebview2.exe,23.8,8.6,0,0
27,2026-09-04T23:13:45.733,0,__TOTAL__,514.2,320.6,0,0
28,2026-09-04T23:13:46.722,8952,vera-media-manager.exe,73.5,16.9,0,0
28,2026-09-04T23:13:46.722,30160,msedgewebview2.exe,122.6,35.8,0,0
28,2026-09-04T23:13:46.722,24200,msedgewebview2.exe,12.8,2.9,0,0
28,2026-09-04T23:13:46.722,28228,msedgewebview2.exe,103.7,171.4,0,0
28,2026-09-04T23:13:46.722,26656,msedgewebview2.exe,39.6,12.2,0,0
28,2026-09-04T23:13:46.722,14572,msedgewebview2.exe,20,8.5,0,0
28,2026-09-04T23:13:46.722,17044,msedgewebview2.exe,118.2,64.3,0,0
28,2026-09-04T23:13:46.722,30380,msedgewebview2.exe,23.8,8.6,0,0
28,2026-09-04T23:13:46.722,0,__TOTAL__,514.2,320.6,0,0
29,2026-09-04T23:13:47.732,8952,vera-media-manager.exe,73.5,16.9,0,0
29,2026-09-04T23:13:47.732,30160,msedgewebview2.exe,122.6,35.8,0,0
29,2026-09-04T23:13:47.732,24200,msedgewebview2.exe,12.8,2.9,0,0
29,2026-09-04T23:13:47.732,28228,msedgewebview2.exe,103.7,171.4,0,0
29,2026-09-04T23:13:47.732,26656,msedgewebview2.exe,39.6,12.2,0,0
29,2026-09-04T23:13:47.732,14572,msedgewebview2.exe,20,8.5,0,0
29,2026-09-04T23:13:47.732,17044,msedgewebview2.exe,118.2,64.3,0,0
29,2026-09-04T23:13:47.732,30380,msedgewebview2.exe,23.8,8.6,0,0
29,2026-09-04T23:13:47.732,0,__TOTAL__,514.2,320.6,0,0
30,2026-09-04T23:13:48.725,8952,vera-media-manager.exe,73.5,16.9,0,0
30,2026-09-04T23:13:48.725,30160,msedgewebview2.exe,122.6,35.8,0,0
30,2026-09-04T23:13:48.725,24200,msedgewebview2.exe,12.8,2.9,0,0
30,2026-09-04T23:13:48.725,28228,msedgewebview2.exe,103.7,171.4,0,0
30,2026-09-04T23:13:48.725,26656,msedgewebview2.exe,39.6,12.2,0,0
30,2026-09-04T23:13:48.725,14572,msedgewebview2.exe,20,8.5,0,0
30,2026-09-04T23:13:48.725,17044,msedgewebview2.exe,118.2,64.3,0,0
30,2026-09-04T23:13:48.725,30380,msedgewebview2.exe,23.8,8.6,0,0
30,2026-09-04T23:13:48.725,0,__TOTAL__,514.2,320.6,0,0
31,2026-09-04T23:13:49.733,8952,vera-media-manager.exe,73.5,16.9,0,0
31,2026-09-04T23:13:49.733,30160,msedgewebview2.exe,122.6,35.8,0,0
31,2026-09-04T23:13:49.733,24200,msedgewebview2.exe,12.8,2.9,0,0
31,2026-09-04T23:13:49.733,28228,msedgewebview2.exe,103.7,171.4,0,0
31,2026-09-04T23:13:49.733,26656,msedgewebview2.exe,39.6,12.2,0,0
31,2026-09-04T23:13:49.733,14572,msedgewebview2.exe,20,8.5,0,0
31,2026-09-04T23:13:49.733,17044,msedgewebview2.exe,118.2,64.3,0,0
31,2026-09-04T23:13:49.733,30380,msedgewebview2.exe,23.8,8.6,0,0
31,2026-09-04T23:13:49.733,0,__TOTAL__,514.2,320.6,0,0
32,2026-09-04T23:13:50.725,8952,vera-media-manager.exe,73.5,16.9,0,0
32,2026-09-04T23:13:50.725,30160,msedgewebview2.exe,122.6,35.8,0,0
32,2026-09-04T23:13:50.725,24200,msedgewebview2.exe,12.8,2.9,0,0
32,2026-09-04T23:13:50.725,28228,msedgewebview2.exe,103.7,171.4,0,0
32,2026-09-04T23:13:50.725,26656,msedgewebview2.exe,39.6,12.2,0,0
32,2026-09-04T23:13:50.725,14572,msedgewebview2.exe,20,8.5,0,0
32,2026-09-04T23:13:50.725,17044,msedgewebview2.exe,118.2,64.3,0,0
32,2026-09-04T23:13:50.725,30380,msedgewebview2.exe,23.8,8.6,0,0
32,2026-09-04T23:13:50.725,0,__TOTAL__,514.2,320.6,0,0
33,2026-09-04T23:13:51.724,8952,vera-media-manager.exe,73.5,16.9,0,0
33,2026-09-04T23:13:51.724,30160,msedgewebview2.exe,122.7,35.9,0,0
33,2026-09-04T23:13:51.724,24200,msedgewebview2.exe,12.8,2.9,0,0
33,2026-09-04T23:13:51.724,28228,msedgewebview2.exe,103.7,171.4,0,0
33,2026-09-04T23:13:51.724,26656,msedgewebview2.exe,39.6,12.2,0,0
33,2026-09-04T23:13:51.724,14572,msedgewebview2.exe,20,8.5,0,0
33,2026-09-04T23:13:51.724,17044,msedgewebview2.exe,118.2,64.3,0,0
33,2026-09-04T23:13:51.724,30380,msedgewebview2.exe,23.8,8.6,0,0
33,2026-09-04T23:13:51.724,0,__TOTAL__,514.3,320.7,0,0
34,2026-09-04T23:13:52.724,8952,vera-media-manager.exe,73.5,16.9,0,0
34,2026-09-04T23:13:52.724,30160,msedgewebview2.exe,122.6,35.8,0,0
34,2026-09-04T23:13:52.724,24200,msedgewebview2.exe,12.8,2.9,0,0
34,2026-09-04T23:13:52.724,28228,msedgewebview2.exe,103.7,171.4,0,0
34,2026-09-04T23:13:52.724,26656,msedgewebview2.exe,39.6,12.2,0,0
34,2026-09-04T23:13:52.724,14572,msedgewebview2.exe,20,8.5,0,0
34,2026-09-04T23:13:52.724,17044,msedgewebview2.exe,118.2,64.3,0,0
34,2026-09-04T23:13:52.724,30380,msedgewebview2.exe,23.8,8.6,0,0
34,2026-09-04T23:13:52.724,0,__TOTAL__,514.2,320.6,0,0
35,2026-09-04T23:13:53.731,8952,vera-media-manager.exe,73.5,16.9,0,0
35,2026-09-04T23:13:53.731,30160,msedgewebview2.exe,122.7,35.8,0,0
35,2026-09-04T23:13:53.731,24200,msedgewebview2.exe,12.8,2.9,0,0
35,2026-09-04T23:13:53.731,28228,msedgewebview2.exe,103.7,171.4,0,0
35,2026-09-04T23:13:53.731,26656,msedgewebview2.exe,39.6,12.2,0,0
35,2026-09-04T23:13:53.731,14572,msedgewebview2.exe,20,8.5,0,0
35,2026-09-04T23:13:53.731,17044,msedgewebview2.exe,118.2,64.3,0,0
35,2026-09-04T23:13:53.731,30380,msedgewebview2.exe,23.8,8.6,0,0
35,2026-09-04T23:13:53.731,0,__TOTAL__,514.3,320.6,0,0
36,2026-09-04T23:13:54.741,8952,vera-media-manager.exe,73.5,16.9,0,0
36,2026-09-04T23:13:54.741,30160,msedgewebview2.exe,122.7,35.8,0,0
36,2026-09-04T23:13:54.741,24200,msedgewebview2.exe,12.8,2.9,0,0
36,2026-09-04T23:13:54.741,28228,msedgewebview2.exe,103.7,171.4,0,0
36,2026-09-04T23:13:54.741,26656,msedgewebview2.exe,39.6,12.2,0,0
36,2026-09-04T23:13:54.741,14572,msedgewebview2.exe,20,8.5,0,0
36,2026-09-04T23:13:54.741,17044,msedgewebview2.exe,118.2,64.3,0,0
36,2026-09-04T23:13:54.741,30380,msedgewebview2.exe,23.8,8.6,0,0
36,2026-09-04T23:13:54.741,0,__TOTAL__,514.3,320.6,0,0
37,2026-09-04T23:13:55.725,8952,vera-media-manager.exe,73.5,16.9,0,0
37,2026-09-04T23:13:55.725,30160,msedgewebview2.exe,124,37.2,0.1,0
37,2026-09-04T23:13:55.725,24200,msedgewebview2.exe,12.8,2.9,0,0
37,2026-09-04T23:13:55.725,28228,msedgewebview2.exe,103.7,171.4,0,0
37,2026-09-04T23:13:55.725,26656,msedgewebview2.exe,40.8,13.4,0,0
37,2026-09-04T23:13:55.725,14572,msedgewebview2.exe,20,8.5,0,0
37,2026-09-04T23:13:55.725,17044,msedgewebview2.exe,118.2,64.3,0,0
37,2026-09-04T23:13:55.725,30380,msedgewebview2.exe,23.8,8.6,0,0
37,2026-09-04T23:13:55.725,0,__TOTAL__,516.8,323.2,0.1,0
38,2026-09-04T23:13:56.725,8952,vera-media-manager.exe,73.5,16.9,0,0
38,2026-09-04T23:13:56.725,30160,msedgewebview2.exe,123.9,37.1,0,0
38,2026-09-04T23:13:56.725,24200,msedgewebview2.exe,12.8,2.9,0,0
38,2026-09-04T23:13:56.725,28228,msedgewebview2.exe,103.7,171.4,0,0
38,2026-09-04T23:13:56.725,26656,msedgewebview2.exe,40.8,13.4,0,0
38,2026-09-04T23:13:56.725,14572,msedgewebview2.exe,20,8.5,0,0
38,2026-09-04T23:13:56.725,17044,msedgewebview2.exe,118.2,64.3,0,0
38,2026-09-04T23:13:56.725,30380,msedgewebview2.exe,23.8,8.6,0,0
38,2026-09-04T23:13:56.725,0,__TOTAL__,516.7,323.1,0,0
39,2026-09-04T23:13:57.733,8952,vera-media-manager.exe,73.5,17,0,0
39,2026-09-04T23:13:57.733,30160,msedgewebview2.exe,123.5,36.6,0,0
39,2026-09-04T23:13:57.733,24200,msedgewebview2.exe,12.8,2.9,0,0
39,2026-09-04T23:13:57.733,28228,msedgewebview2.exe,103.7,171.4,0,0
39,2026-09-04T23:13:57.733,26656,msedgewebview2.exe,40.8,13.4,0,0
39,2026-09-04T23:13:57.733,14572,msedgewebview2.exe,20,8.5,0,0
39,2026-09-04T23:13:57.733,17044,msedgewebview2.exe,118.2,64.3,0,0
39,2026-09-04T23:13:57.733,30380,msedgewebview2.exe,23.8,8.6,0,0
39,2026-09-04T23:13:57.733,0,__TOTAL__,516.3,322.7,0,0
40,2026-09-04T23:13:58.722,8952,vera-media-manager.exe,73.5,17,0,0
40,2026-09-04T23:13:58.722,30160,msedgewebview2.exe,123.5,36.6,0,0
40,2026-09-04T23:13:58.722,24200,msedgewebview2.exe,12.8,2.9,0,0
40,2026-09-04T23:13:58.722,28228,msedgewebview2.exe,103.7,171.4,0,0
40,2026-09-04T23:13:58.722,26656,msedgewebview2.exe,40.8,13.5,0,0
40,2026-09-04T23:13:58.722,14572,msedgewebview2.exe,20,8.5,0,0
40,2026-09-04T23:13:58.722,17044,msedgewebview2.exe,118.2,64.3,0,0
40,2026-09-04T23:13:58.722,30380,msedgewebview2.exe,23.8,8.6,0,0
40,2026-09-04T23:13:58.722,0,__TOTAL__,516.3,322.8,0,0
41,2026-09-04T23:13:59.726,8952,vera-media-manager.exe,73.5,17,0,0
41,2026-09-04T23:13:59.726,30160,msedgewebview2.exe,123.4,36.5,0,0
41,2026-09-04T23:13:59.726,24200,msedgewebview2.exe,12.8,2.9,0,0
41,2026-09-04T23:13:59.726,28228,msedgewebview2.exe,103.7,171.4,0,0
41,2026-09-04T23:13:59.726,26656,msedgewebview2.exe,40.8,13.4,0.1,0
41,2026-09-04T23:13:59.726,14572,msedgewebview2.exe,20,8.5,0,0
41,2026-09-04T23:13:59.726,17044,msedgewebview2.exe,118.2,64.3,0,0
41,2026-09-04T23:13:59.726,30380,msedgewebview2.exe,23.8,8.6,0,0
41,2026-09-04T23:13:59.726,0,__TOTAL__,516.2,322.6,0.1,0
42,2026-09-04T23:14:00.725,8952,vera-media-manager.exe,73.5,17,0,0
42,2026-09-04T23:14:00.725,30160,msedgewebview2.exe,123.4,36.5,0,0
42,2026-09-04T23:14:00.725,24200,msedgewebview2.exe,12.8,2.9,0,0
42,2026-09-04T23:14:00.725,28228,msedgewebview2.exe,103.7,171.4,0,0
42,2026-09-04T23:14:00.725,26656,msedgewebview2.exe,40.8,13.4,0,0
42,2026-09-04T23:14:00.725,14572,msedgewebview2.exe,20,8.5,0,0
42,2026-09-04T23:14:00.725,17044,msedgewebview2.exe,118.2,64.3,0,0
42,2026-09-04T23:14:00.725,30380,msedgewebview2.exe,23.8,8.6,0,0
42,2026-09-04T23:14:00.725,0,__TOTAL__,516.2,322.6,0,0
43,2026-09-04T23:14:01.731,8952,vera-media-manager.exe,73.5,17,0,0
43,2026-09-04T23:14:01.731,30160,msedgewebview2.exe,123.4,36.5,0,0
43,2026-09-04T23:14:01.731,24200,msedgewebview2.exe,12.8,2.9,0,0
43,2026-09-04T23:14:01.731,28228,msedgewebview2.exe,103.7,171.4,0,0
43,2026-09-04T23:14:01.731,26656,msedgewebview2.exe,40.8,13.4,0,0
43,2026-09-04T23:14:01.731,14572,msedgewebview2.exe,20,8.5,0,0
43,2026-09-04T23:14:01.731,17044,msedgewebview2.exe,118.2,64.3,0,0
43,2026-09-04T23:14:01.731,30380,msedgewebview2.exe,23.8,8.6,0,0
43,2026-09-04T23:14:01.731,0,__TOTAL__,516.2,322.6,0,0
44,2026-09-04T23:14:02.730,8952,vera-media-manager.exe,73.5,17,0,0
44,2026-09-04T23:14:02.730,30160,msedgewebview2.exe,123.4,36.5,0,0
44,2026-09-04T23:14:02.730,24200,msedgewebview2.exe,12.8,2.9,0,0
44,2026-09-04T23:14:02.730,28228,msedgewebview2.exe,103.7,171.5,0,0
44,2026-09-04T23:14:02.730,26656,msedgewebview2.exe,40.8,13.4,0,0
44,2026-09-04T23:14:02.730,14572,msedgewebview2.exe,20,8.5,0,0
44,2026-09-04T23:14:02.730,17044,msedgewebview2.exe,118.2,64.3,0,0
44,2026-09-04T23:14:02.730,30380,msedgewebview2.exe,23.8,8.6,0,0
44,2026-09-04T23:14:02.730,0,__TOTAL__,516.2,322.7,0,0
45,2026-09-04T23:14:03.728,8952,vera-media-manager.exe,73.5,17,0,0
45,2026-09-04T23:14:03.728,30160,msedgewebview2.exe,123.4,36.5,0,0
45,2026-09-04T23:14:03.728,24200,msedgewebview2.exe,12.8,2.9,0,0
45,2026-09-04T23:14:03.728,28228,msedgewebview2.exe,103.6,171.4,0,0
45,2026-09-04T23:14:03.728,26656,msedgewebview2.exe,40.8,13.4,0,0
45,2026-09-04T23:14:03.728,14572,msedgewebview2.exe,20,8.5,0,0
45,2026-09-04T23:14:03.728,17044,msedgewebview2.exe,118.2,64.3,0,0
45,2026-09-04T23:14:03.728,30380,msedgewebview2.exe,23.8,8.6,0,0
45,2026-09-04T23:14:03.728,0,__TOTAL__,516.1,322.6,0,0
46,2026-09-04T23:14:04.732,8952,vera-media-manager.exe,73.5,17,0,0
46,2026-09-04T23:14:04.732,30160,msedgewebview2.exe,123.4,36.5,0,0
46,2026-09-04T23:14:04.732,24200,msedgewebview2.exe,12.8,2.9,0,0
46,2026-09-04T23:14:04.732,28228,msedgewebview2.exe,103.6,171.4,0,0
46,2026-09-04T23:14:04.732,26656,msedgewebview2.exe,40.8,13.4,0,0
46,2026-09-04T23:14:04.732,14572,msedgewebview2.exe,20,8.5,0,0
46,2026-09-04T23:14:04.732,17044,msedgewebview2.exe,118.2,64.3,0,0
46,2026-09-04T23:14:04.732,30380,msedgewebview2.exe,23.8,8.6,0,0
46,2026-09-04T23:14:04.732,0,__TOTAL__,516.1,322.6,0,0
47,2026-09-04T23:14:05.731,8952,vera-media-manager.exe,73.5,17,0,0
47,2026-09-04T23:14:05.731,30160,msedgewebview2.exe,123.4,36.5,0,0
47,2026-09-04T23:14:05.731,24200,msedgewebview2.exe,12.8,2.9,0,0
47,2026-09-04T23:14:05.731,28228,msedgewebview2.exe,103.6,171.4,0,0
47,2026-09-04T23:14:05.731,26656,msedgewebview2.exe,40.3,12.9,0,0
47,2026-09-04T23:14:05.731,14572,msedgewebview2.exe,20,8.5,0,0
47,2026-09-04T23:14:05.731,17044,msedgewebview2.exe,118.2,64.3,0,0
47,2026-09-04T23:14:05.731,30380,msedgewebview2.exe,23.8,8.6,0,0
47,2026-09-04T23:14:05.731,0,__TOTAL__,515.6,322.1,0,0
48,2026-09-04T23:14:06.732,8952,vera-media-manager.exe,73.5,17,0,0
48,2026-09-04T23:14:06.732,30160,msedgewebview2.exe,123.4,36.5,0,0
48,2026-09-04T23:14:06.732,24200,msedgewebview2.exe,12.8,2.9,0,0
48,2026-09-04T23:14:06.732,28228,msedgewebview2.exe,103.6,171.4,0,0
48,2026-09-04T23:14:06.732,26656,msedgewebview2.exe,40.3,12.9,0,0
48,2026-09-04T23:14:06.732,14572,msedgewebview2.exe,20,8.5,0,0
48,2026-09-04T23:14:06.732,17044,msedgewebview2.exe,118.2,64.3,0,0
48,2026-09-04T23:14:06.732,30380,msedgewebview2.exe,23.8,8.6,0,0
48,2026-09-04T23:14:06.732,0,__TOTAL__,515.6,322.1,0,0
49,2026-09-04T23:14:07.726,8952,vera-media-manager.exe,73.5,17,0,0
49,2026-09-04T23:14:07.726,30160,msedgewebview2.exe,123.5,36.6,0,0
49,2026-09-04T23:14:07.726,24200,msedgewebview2.exe,12.8,2.9,0,0
49,2026-09-04T23:14:07.726,28228,msedgewebview2.exe,103.6,171.4,0,0
49,2026-09-04T23:14:07.726,26656,msedgewebview2.exe,40.3,12.9,0,0
49,2026-09-04T23:14:07.726,14572,msedgewebview2.exe,20,8.5,0,0
49,2026-09-04T23:14:07.726,17044,msedgewebview2.exe,118.2,64.3,0,0
49,2026-09-04T23:14:07.726,30380,msedgewebview2.exe,23.8,8.6,0,0
49,2026-09-04T23:14:07.726,0,__TOTAL__,515.7,322.2,0,0
50,2026-09-04T23:14:08.729,8952,vera-media-manager.exe,73.5,17,0,0
50,2026-09-04T23:14:08.729,30160,msedgewebview2.exe,123.4,36.6,0,0
50,2026-09-04T23:14:08.729,24200,msedgewebview2.exe,12.8,2.9,0,0
50,2026-09-04T23:14:08.729,28228,msedgewebview2.exe,103.6,171.4,0,0
50,2026-09-04T23:14:08.729,26656,msedgewebview2.exe,40.3,12.9,0,0
50,2026-09-04T23:14:08.729,14572,msedgewebview2.exe,20,8.5,0,0
50,2026-09-04T23:14:08.729,17044,msedgewebview2.exe,118.2,64.3,0,0
50,2026-09-04T23:14:08.729,30380,msedgewebview2.exe,23.8,8.6,0,0
50,2026-09-04T23:14:08.729,0,__TOTAL__,515.6,322.2,0,0
51,2026-09-04T23:14:09.731,8952,vera-media-manager.exe,73.5,17,0,0
51,2026-09-04T23:14:09.731,30160,msedgewebview2.exe,123.4,36.6,0,0
51,2026-09-04T23:14:09.731,24200,msedgewebview2.exe,12.8,2.9,0,0
51,2026-09-04T23:14:09.731,28228,msedgewebview2.exe,103.6,171.4,0,0
51,2026-09-04T23:14:09.731,26656,msedgewebview2.exe,40.3,12.9,0,0
51,2026-09-04T23:14:09.731,14572,msedgewebview2.exe,20,8.5,0,0
51,2026-09-04T23:14:09.731,17044,msedgewebview2.exe,118.2,64.3,0,0
51,2026-09-04T23:14:09.731,30380,msedgewebview2.exe,23.8,8.6,0,0
51,2026-09-04T23:14:09.731,0,__TOTAL__,515.6,322.2,0,0
52,2026-09-04T23:14:10.728,8952,vera-media-manager.exe,73.5,17,0,0
52,2026-09-04T23:14:10.728,30160,msedgewebview2.exe,123.5,36.6,0,0
52,2026-09-04T23:14:10.728,24200,msedgewebview2.exe,12.8,2.9,0,0
52,2026-09-04T23:14:10.728,28228,msedgewebview2.exe,103.6,171.4,0,0
52,2026-09-04T23:14:10.728,26656,msedgewebview2.exe,40.3,12.9,0,0
52,2026-09-04T23:14:10.728,14572,msedgewebview2.exe,20,8.5,0,0
52,2026-09-04T23:14:10.728,17044,msedgewebview2.exe,118.2,64.3,0,0
52,2026-09-04T23:14:10.728,30380,msedgewebview2.exe,23.8,8.6,0,0
52,2026-09-04T23:14:10.728,0,__TOTAL__,515.7,322.2,0,0
53,2026-09-04T23:14:11.733,8952,vera-media-manager.exe,73.5,17,0,0
53,2026-09-04T23:14:11.733,30160,msedgewebview2.exe,123.5,36.6,0,0
53,2026-09-04T23:14:11.733,24200,msedgewebview2.exe,12.8,2.9,0,0
53,2026-09-04T23:14:11.733,28228,msedgewebview2.exe,103.6,171.4,0,0
53,2026-09-04T23:14:11.733,26656,msedgewebview2.exe,40.3,12.9,0,0
53,2026-09-04T23:14:11.733,14572,msedgewebview2.exe,20,8.5,0,0
53,2026-09-04T23:14:11.733,17044,msedgewebview2.exe,118.2,64.3,0,0
53,2026-09-04T23:14:11.733,30380,msedgewebview2.exe,23.8,8.6,0,0
53,2026-09-04T23:14:11.733,0,__TOTAL__,515.7,322.2,0,0
54,2026-09-04T23:14:12.747,8952,vera-media-manager.exe,73.5,17,0,0
54,2026-09-04T23:14:12.747,30160,msedgewebview2.exe,123.5,36.6,0,0
54,2026-09-04T23:14:12.747,24200,msedgewebview2.exe,12.8,2.9,0,0
54,2026-09-04T23:14:12.747,28228,msedgewebview2.exe,103.6,171.4,0,0
54,2026-09-04T23:14:12.747,26656,msedgewebview2.exe,40.3,12.9,0,0
54,2026-09-04T23:14:12.747,14572,msedgewebview2.exe,20,8.5,0,0
54,2026-09-04T23:14:12.747,17044,msedgewebview2.exe,118.2,64.3,0,0
54,2026-09-04T23:14:12.747,30380,msedgewebview2.exe,23.8,8.6,0,0
54,2026-09-04T23:14:12.747,0,__TOTAL__,515.7,322.2,0,0
55,2026-09-04T23:14:13.753,8952,vera-media-manager.exe,73.5,17,0,0
55,2026-09-04T23:14:13.753,30160,msedgewebview2.exe,123.5,36.6,0,0
55,2026-09-04T23:14:13.753,24200,msedgewebview2.exe,12.8,2.9,0,0
55,2026-09-04T23:14:13.753,28228,msedgewebview2.exe,103.6,171.4,0,0
55,2026-09-04T23:14:13.753,26656,msedgewebview2.exe,40.3,12.9,0,0
55,2026-09-04T23:14:13.753,14572,msedgewebview2.exe,20,8.5,0,0
55,2026-09-04T23:14:13.753,17044,msedgewebview2.exe,118.2,64.3,0,0
55,2026-09-04T23:14:13.753,30380,msedgewebview2.exe,23.8,8.6,0,0
55,2026-09-04T23:14:13.753,0,__TOTAL__,515.7,322.2,0,0
56,2026-09-04T23:14:14.764,8952,vera-media-manager.exe,73.5,17,0,0
56,2026-09-04T23:14:14.764,30160,msedgewebview2.exe,123.5,36.6,0,0
56,2026-09-04T23:14:14.764,24200,msedgewebview2.exe,12.8,2.9,0,0
56,2026-09-04T23:14:14.764,28228,msedgewebview2.exe,103.6,171.4,0,0
56,2026-09-04T23:14:14.764,26656,msedgewebview2.exe,40.3,12.9,0,0
56,2026-09-04T23:14:14.764,14572,msedgewebview2.exe,20,8.5,0,0
56,2026-09-04T23:14:14.764,17044,msedgewebview2.exe,118.2,64.3,0,0
56,2026-09-04T23:14:14.764,30380,msedgewebview2.exe,23.8,8.6,0,0
56,2026-09-04T23:14:14.764,0,__TOTAL__,515.7,322.2,0,0
57,2026-09-04T23:14:15.756,8952,vera-media-manager.exe,73.5,17,0,0
57,2026-09-04T23:14:15.756,30160,msedgewebview2.exe,123.5,36.6,0,0
57,2026-09-04T23:14:15.756,24200,msedgewebview2.exe,12.8,2.9,0,0
57,2026-09-04T23:14:15.756,28228,msedgewebview2.exe,103.6,171.4,0,0
57,2026-09-04T23:14:15.756,26656,msedgewebview2.exe,40.3,12.9,0,0
57,2026-09-04T23:14:15.756,14572,msedgewebview2.exe,20,8.5,0,0
57,2026-09-04T23:14:15.756,17044,msedgewebview2.exe,118.2,64.3,0,0
57,2026-09-04T23:14:15.756,30380,msedgewebview2.exe,23.8,8.6,0,0
57,2026-09-04T23:14:15.756,0,__TOTAL__,515.7,322.2,0,0
58,2026-09-04T23:14:16.776,8952,vera-media-manager.exe,73.5,17,0,0
58,2026-09-04T23:14:16.776,30160,msedgewebview2.exe,123.5,36.6,0,0
58,2026-09-04T23:14:16.776,24200,msedgewebview2.exe,12.8,2.9,0,0
58,2026-09-04T23:14:16.776,28228,msedgewebview2.exe,103.6,171.4,0,0
58,2026-09-04T23:14:16.776,26656,msedgewebview2.exe,40.3,12.9,0,0
58,2026-09-04T23:14:16.776,14572,msedgewebview2.exe,20,8.5,0,0
58,2026-09-04T23:14:16.776,17044,msedgewebview2.exe,118.2,64.3,0,0
58,2026-09-04T23:14:16.776,30380,msedgewebview2.exe,23.8,8.6,0,0
58,2026-09-04T23:14:16.776,0,__TOTAL__,515.7,322.2,0,0
59,2026-09-04T23:14:17.765,8952,vera-media-manager.exe,73.5,17,0,0
59,2026-09-04T23:14:17.765,30160,msedgewebview2.exe,123.5,36.6,0,0
59,2026-09-04T23:14:17.765,24200,msedgewebview2.exe,12.8,2.9,0,0
59,2026-09-04T23:14:17.765,28228,msedgewebview2.exe,103.6,171.4,0,0
59,2026-09-04T23:14:17.765,26656,msedgewebview2.exe,40.3,12.9,0,0
59,2026-09-04T23:14:17.765,14572,msedgewebview2.exe,20,8.5,0,0
59,2026-09-04T23:14:17.765,17044,msedgewebview2.exe,118.2,64.3,0,0
59,2026-09-04T23:14:17.765,30380,msedgewebview2.exe,23.8,8.6,0,0
59,2026-09-04T23:14:17.765,0,__TOTAL__,515.7,322.2,0,0
60,2026-09-04T23:14:18.777,8952,vera-media-manager.exe,73.5,17,0,0
60,2026-09-04T23:14:18.777,30160,msedgewebview2.exe,123.5,36.7,0,0
60,2026-09-04T23:14:18.777,24200,msedgewebview2.exe,12.8,2.9,0,0
60,2026-09-04T23:14:18.777,28228,msedgewebview2.exe,103.6,171.4,0,0
60,2026-09-04T23:14:18.777,26656,msedgewebview2.exe,40.3,12.9,0,0
60,2026-09-04T23:14:18.777,14572,msedgewebview2.exe,20,8.5,0,0
60,2026-09-04T23:14:18.777,17044,msedgewebview2.exe,118.2,64.3,0,0
60,2026-09-04T23:14:18.777,30380,msedgewebview2.exe,23.8,8.6,0,0
60,2026-09-04T23:14:18.777,0,__TOTAL__,515.7,322.3,0,0
